{
  "project_info": {
    "project_number": "510807531475",
    "firebase_url": "https://garage-management-136c0.firebaseio.com",
    "project_id": "garage-management-136c0",
    "storage_bucket": "garage-management-136c0.appspot.com"
  },
  "client": [
    {
      "client_info": {
        "mobilesdk_app_id": "1:510807531475:android:fa6f3f50d0c53b11041926",
        "android_client_info": {
          "package_name": "com.example.garagemanagement"
        }
      },
      "oauth_client": [
        {
          "client_id": "510807531475-93tm4pt438mtv3h28gun2o0fnfjpkqqc.apps.googleusercontent.com",
          "client_type": 1,
          "android_info": {
            "package_name": "com.example.garagemanagement",
            "certificate_hash": "c80479edd4bcd0e58c416550fe4fa7d59d8650d1"
          }
        },
        {
          "client_id": "510807531475-am3ee4bceb1pj70kctirmpf0f7dn7fon.apps.googleusercontent.com",
          "client_type": 3
        }
      ],
      "api_key": [
        {
          "current_key": "AIzaSyDhr6fdyETybLeec5jbqgjAVl1pAcYd9ec"
        }
      ],
      "services": {
        "appinvite_service": {
          "other_platform_oauth_client": [
            {
              "client_id": "510807531475-am3ee4bceb1pj70kctirmpf0f7dn7fon.apps.googleusercontent.com",
              "client_type": 3
            }
          ]
        }
      }
    }
  ],
  "configuration_version": "1"
}